{"intrinsicMatrix1":[[1466.1387263595416,0,949.1089280324486],[0,1467.0800707460585,560.02906470908749],[0,0,1]],"distortionCoefficients1":[0.058358339057856673,-0.085120119032409736,0,0,0],"intrinsicMatrix2":[[1473.7913349158737,0,992.35198092519886],[0,1473.477037424836,552.82190951472558],[0,0,1]],"distortionCoefficients2":[0.015979454141892026,0.021722255750566317,0,0,0],"rotationOfCamera2":[[0.9999909369342338,0.0022325891805612956,-0.0036251337829171421],[-0.0022267284866663048,0.99999620876972584,0.0016199155599902315],[0.0036287366451528687,-0.0016118286899265437,0.9999921171082472]],"translationOfCamera2":[-30.233834689678037,0.30176445957439574,0.49826037713899735]}